<?xml version="1.0" encoding="UTF-8" standalone="no"?>
<manifest xmlns="http://tizen.org/ns/packages" api-version="3.0" package="org.russ.bluetoothprototype" version="1.0.6">
    <description>Added: rotating 'wait' on services screen, also, repeating presses of check service refresh will not crash app.&#13;
*added esc key to bt keyboard and tested.&#13;
Fixed: service search 1 entry bug now multiple services possible. serviceCounter++</description>
    <profile name="wearable"/>
    <ui-application appid="org.russ.bluetoothprototype" exec="bluetoothprototype" multiple="false" nodisplay="false" taskmanage="true" type="capp">
        <label>BT Controls</label>
        <icon>bt.png</icon>
    </ui-application>
    <privileges>
        <privilege>http://tizen.org/privilege/mediastorage</privilege>
        <privilege>http://tizen.org/privilege/bluetooth</privilege>
        <privilege>http://tizen.org/privilege/externalstorage.appdata</privilege>
        <privilege>http://tizen.org/privilege/externalstorage</privilege>
    </privileges>
    <feature name="http://tizen.org/feature/network.bluetooth">true</feature>
    <feature name="http://tizen.org/feature/network.bluetooth.opp">true</feature>
</manifest>
